;POLE_blood;POLD1_blood;POLE_sperm;POLD1_sperm
A[C>A]A;8;13;3;2
A[C>A]C;4;9;5;7
A[C>A]G;0;1;0;0
A[C>A]T;10;23;2;2
C[C>A]A;9;30;0;3
C[C>A]C;0;16;2;1
C[C>A]G;0;3;1;1
C[C>A]T;16;79;4;3
G[C>A]A;2;14;3;0
G[C>A]C;4;5;1;3
G[C>A]G;0;1;0;0
G[C>A]T;12;17;2;1
T[C>A]A;17;42;24;20
T[C>A]C;3;6;1;2
T[C>A]G;0;4;0;2
T[C>A]T;166;140;184;60
A[C>G]A;3;10;0;1
A[C>G]C;1;5;0;1
A[C>G]G;0;0;0;0
A[C>G]T;0;2;1;0
C[C>G]A;1;1;0;0
C[C>G]C;0;4;0;0
C[C>G]G;0;0;1;0
C[C>G]T;1;7;1;2
G[C>G]A;0;3;0;0
G[C>G]C;0;2;0;0
G[C>G]G;0;2;0;0
G[C>G]T;3;5;1;2
T[C>G]A;0;3;1;0
T[C>G]C;1;2;3;0
T[C>G]G;0;0;0;0
T[C>G]T;5;3;1;1
A[C>T]A;8;52;6;2
A[C>T]C;11;14;4;1
A[C>T]G;30;43;8;5
A[C>T]T;13;23;4;0
C[C>T]A;7;19;3;0
C[C>T]C;8;21;2;2
C[C>T]G;10;19;6;2
C[C>T]T;5;44;4;3
G[C>T]A;7;15;5;1
G[C>T]C;6;30;10;6
G[C>T]G;23;21;3;4
G[C>T]T;18;33;14;3
T[C>T]A;9;6;4;1
T[C>T]C;10;26;5;2
T[C>T]G;36;20;33;3
T[C>T]T;16;15;11;3
A[T>A]A;4;8;0;2
A[T>A]C;4;11;1;2
A[T>A]G;3;8;2;3
A[T>A]T;9;38;5;15
C[T>A]A;2;4;0;3
C[T>A]C;1;7;0;0
C[T>A]G;2;4;0;0
C[T>A]T;2;7;1;0
G[T>A]A;0;3;0;0
G[T>A]C;0;4;0;1
G[T>A]G;1;3;0;1
G[T>A]T;2;10;0;1
T[T>A]A;2;12;3;3
T[T>A]C;0;4;0;3
T[T>A]G;1;7;0;1
T[T>A]T;8;14;2;1
A[T>C]A;14;48;12;10
A[T>C]C;13;15;2;3
A[T>C]G;10;36;8;13
A[T>C]T;11;34;5;5
C[T>C]A;5;27;1;1
C[T>C]C;8;20;0;7
C[T>C]G;4;26;3;7
C[T>C]T;2;31;1;3
G[T>C]A;8;13;6;4
G[T>C]C;12;18;12;5
G[T>C]G;6;17;5;6
G[T>C]T;20;15;13;3
T[T>C]A;9;19;2;9
T[T>C]C;13;20;5;5
T[T>C]G;8;23;5;14
T[T>C]T;10;33;13;3
A[T>G]A;1;5;2;1
A[T>G]C;6;3;1;1
A[T>G]G;4;3;0;1
A[T>G]T;20;18;11;7
C[T>G]A;3;14;2;3
C[T>G]C;0;3;2;1
C[T>G]G;5;17;0;0
C[T>G]T;20;38;7;10
G[T>G]A;1;2;1;1
G[T>G]C;1;0;0;0
G[T>G]G;2;3;1;1
G[T>G]T;3;10;1;0
T[T>G]A;4;7;7;2
T[T>G]C;0;0;1;2
T[T>G]G;0;3;2;2
T[T>G]T;59;32;60;6
